Names,Representative Number,newnameIdx,itemcategorycode,itemcategoryname,itemcode,itemname,kindcode,kindname,retail_unit,retail_unitsize,productrankcode
가리비,80,203,600,수산물,659,가리비,01,해만가리비(홍가리비),kg,1,04
가리비젓갈,1517,,,,,,,,,,
가시오가피순,1840,,,,,,,,,,
가쓰오다시,3351,,,,,,,,,,
가쓰오부시,267,,,,,,,,,,
가쓰오부시소스,1387,,,,,,,,,,
가자미,65,,,,,,,,,,
가자미액젓,1279,,,,,,,,,,
가지,17,80,200,채소류,251,가지,00,가지,개,10,04
각한천,2418,,,,,,,,,,
간장,383,,,,,,,,,,
간장게장,823,,,,,,,,,,
간장새우,2120,,,,,,,,,,
간재미,803,,,,,,,,,,
갈근,2551,,,,,,,,,,
갈릭드레싱,3115,,,,,,,,,,
갈릭디핑소스,2255,,,,,,,,,,
갈비양념,1462,,,,,,,,,,
갈비탕,1572,,,,,,,,,,
갈치,66,165,600,수산물,613,갈치,01,생선,마리,1,05
갈치속젓,1113,,,,,,,,,,
갈치조림,1511,,,,,,,,,,
갈치포,1509,165,600,수산물,613,갈치,01,생선,마리,1,05
감,2269,137,400,과일류,416,단감,00,단감,개,10,04
감귤주스,1744,,,,,,,,,,
감말랭이,1236,137,400,과일류,416,단감,00,단감,개,10,04
감미료,2164,,,,,,,,,,
감바스,2869,,,,,,,,,,
감성돔,3168,,,,,,,,,,
감자,4,15,100,식량작물,152,감자,00,감자,kg,1,04
감자국,3086,,,,,,,,,,
감자샐러드,1249,,,,,,,,,,
감자수제비,1995,,,,,,,,,,
감자옹심이,2650,,,,,,,,,,
감자전,2672,,,,,,,,,,
감자칩,1597,,,,,,,,,,
감자탕,3085,,,,,,,,,,
감초,457,,,,,,,,,,
감태,1090,,,,,,,,,,
갓,934,,,,,,,,,,
갓김치,1018,,,,,,,,,,
강낭콩,108,6,100,식량작물,141,콩,01,흰 콩(국산),g,500,04
강냉이,2595,,,,,,,,,,
강된장,1501,,,,,,,,,,
강황가루,448,,,,,,,,,,
강황쌀,1419,,,,,,,,,,
거봉,149,125,400,과일류,414,포도,02,거봉,kg,2,24
건갈치,1505,,,,,,,,,,
건고구마,1820,,,,,,,,,,
건고사리,271,,,,,,,,,,
건고추,262,50,200,채소류,241,건고추,00,화건,g,600,04
건더기스프,1410,,,,,,,,,,
건바나나,2374,,,,,,,,,,
건블루베리,460,,,,,,,,,,
건빵,1325,,,,,,,,,,
건새우,259,,,,,,,,,,
건자두,1331,,,,,,,,,,
건조딸기,2963,,,,,,,,,,
건파래,2140,,,,,,,,,,
건포도,273,152,400,과일류,426,건포도,00,수입,g,100,05
검은깨,480,,,,,,,,,,
검은깨가루,2137,,,,,,,,,,
검은콩,111,6,100,식량작물,141,콩,01,흰 콩(국산),g,500,04
검은콩가루,1256,6,100,식량작물,141,콩,01,흰 콩(국산),g,500,04
게,79,,,,,,,,,,
게맛살,2846,,,,,,,,,,
게살,3120,,,,,,,,,,
게살통조림,2473,,,,,,,,,,
겨자,603,,,,,,,,,,
겨자씨,2922,,,,,,,,,,
견과류,191,,,,,,,,,,
결명자,2223,,,,,,,,,,
계란,219,,,,,,,,,,
계란과자,1473,,,,,,,,,,
계피,1114,,,,,,,,,,
계피가루,2044,,,,,,,,,,
계피분,1915,,,,,,,,,,
고구마,3,14,100,식량작물,151,고구마,00,밤,kg,1,04
고구마무스,1377,,,,,,,,,,
고구마샐러드,1881,,,,,,,,,,
고구마순,834,,,,,,,,,,
고구마스틱,2198,,,,,,,,,,
고구마스프,1697,,,,,,,,,,
고구마전분,833,,,,,,,,,,
고구마줄기,810,,,,,,,,,,
고구마칩,1878,,,,,,,,,,
고기산적,3159,,,,,,,,,,
고기완자,2569,,,,,,,,,,
고니,1455,,,,,,,,,,
고들빼기,1313,,,,,,,,,,
고등어,58,156,600,수산물,611,고등어,01,생선,마리,1,05
고등어통조림,723,,,,,,,,,,
고량주,2774,,,,,,,,,,
고로케,3084,,,,,,,,,,
고르곤졸라,278,,,,,,,,,,
고사리,40,,,,,,,,,,
고수,725,,,,,,,,,,
고수가루,3105,,,,,,,,,,
고수씨,1839,,,,,,,,,,
고추,33,59,200,채소류,243,붉은고추,00,붉은고추,g,100,04
고추기름,237,,,,,,,,,,
고추냉이,2597,,,,,,,,,,
고추마늘,2564,,,,,,,,,,
고추부각,2933,,,,,,,,,,
고추씨,770,,,,,,,,,,
고추장,477,,,,,,,,,,
고추장아찌,1066,,,,,,,,,,
고춧가루,224,78,200,채소류,248,고춧가루,00,국산,kg,1,04
고춧잎,985,,,,,,,,,,
곤드레,792,,,,,,,,,,
곤약,279,,,,,,,,,,
곤약가루,2284,,,,,,,,,,
곤약면,921,,,,,,,,,,
곤약젤리,2286,,,,,,,,,,
곤이,1153,,,,,,,,,,
골뱅이,465,,,,,,,,,,
곰취,280,,,,,,,,,,
곰취나물,1651,,,,,,,,,,
곰취잎,3488,,,,,,,,,,
곰피,1339,,,,,,,,,,
공심채,1105,,,,,,,,,,
곶감,150,137,400,과일류,416,단감,00,단감,개,10,04
과메기,809,164,600,수산물,612,꽁치,01,냉동(수입),마리,5,05
과일,1037,,,,,,,,,,
과일주스,1241,,,,,,,,,,
과자,1202,,,,,,,,,,
광어,812,,,,,,,,,,
구기자,832,,,,,,,,,,
구기자가루,1362,,,,,,,,,,
구연산,2497,,,,,,,,,,
국간장,353,,,,,,,,,,
국수장국,3608,,,,,,,,,,
국수호박,2819,,,,,,,,,,
국시장국,1390,,,,,,,,,,
군만두,2938,,,,,,,,,,
굴,81,193,600,수산물,644,굴,00,굴,kg,1,04
굴라쉬,2320,,,,,,,,,,
굴비,830,174,600,수산물,614,조기,07,굴비,마리,1,21
굴소스,481,,,,,,,,,,
굵은소금,283,198,600,수산물,652,굵은소금,00,굵은소금,kg,5,04
궁채나물,1399,,,,,,,,,,
귀리,99,209,100,식량작물,161,귀리,01,귀리,kg,1,07
귀리밥,1616,,,,,,,,,,
귤,128,134,400,과일류,415,감귤,00,감귤,개,10,04
귤껍질,1436,134,400,과일류,415,감귤,00,감귤,개,10,04
귤제스트,2841,134,400,과일류,415,감귤,00,감귤,개,10,04
귤즙,2204,134,400,과일류,415,감귤,00,감귤,개,10,04
귤청,1742,,,,,,,,,,
귤칩,1743,134,400,과일류,415,감귤,00,감귤,개,10,04
그라나파다노치즈,276,,,,,,,,,,
그릭요거트,831,,,,,,,,,,
그린빈,1000,6,100,식량작물,141,콩,01,흰 콩(국산),g,500,04
그린페퍼,1323,,,,,,,,,,
근대,11,,,,,,,,,,
금태,1593,,,,,,,,,,
기름,1063,,,,,,,,,,
기장,100,,,,,,,,,,
기타,102,,,,,,,,,,
김,94,191,600,수산물,641,김,01,얼구운김,장,10,05
김가루,1142,191,600,수산물,641,김,01,얼구운김,장,10,05
김말이,2016,,,,,,,,,,
김밥,1148,,,,,,,,,,
김밥용김,1138,191,600,수산물,641,김,01,얼구운김,장,10,05
김밥용햄,2998,,,,,,,,,,
김부각,2157,,,,,,,,,,
김자반,1140,,,,,,,,,,
김장양념,1634,,,,,,,,,,
김치,962,,,,,,,,,,
김치볶음밥,2070,,,,,,,,,,
김치시즈닝,3557,,,,,,,,,,
김치양념,1356,,,,,,,,,,
김치찌개,2397,,,,,,,,,,
까나리액젓,288,,,,,,,,,,
까르보나라소스,1134,,,,,,,,,,
깍두기,1530,,,,,,,,,,
깐양,3358,,,,,,,,,,
깔라만시,1767,,,,,,,,,,
깔루아,806,,,,,,,,,,
깨,291,100,300,특용작물,312,참깨,01,백색(국산),g,500,04
깨소금,354,,,,,,,,,,
깨소스,1135,,,,,,,,,,
깻순,1866,,,,,,,,,,
깻잎,14,82,200,채소류,253,깻잎,00,깻잎,g,100,04
깻잎가루,2486,82,200,채소류,253,깻잎,00,깻잎,g,100,04
깻잎김치,1272,,,,,,,,,,
깻잎전,1445,,,,,,,,,,
깻잎페스토,2357,,,,,,,,,,
꼬막,82,,,,,,,,,,
꼬시래기,993,,,,,,,,,,
꼬치전,2422,,,,,,,,,,
꼴뚜기,1257,,,,,,,,,,
꽁치,59,164,600,수산물,612,꽁치,01,냉동(수입),마리,5,05
꽃,1157,,,,,,,,,,
꽃게,484,,,,,,,,,,
꽃빵,1085,,,,,,,,,,
꽃새우,1240,200,600,수산물,654,새우,01,흰다리(수입),마리,10,05
꽃소금,544,198,600,수산물,652,굵은소금,00,굵은소금,kg,5,04
꽈리고추,294,56,200,채소류,242,풋고추,02,꽈리고추,g,100,04
꿀,227,,,,,,,,,,
나물,130,,,,,,,,,,
나시고랭소스,2909,,,,,,,,,,
나초,828,,,,,,,,,,
나초치즈,2432,,,,,,,,,,
나트비아,2639,,,,,,,,,,
나파쥬,2842,,,,,,,,,,
낙지,63,,,,,,,,,,
낙지볶음밥,2069,,,,,,,,,,
낙지젓갈,1440,,,,,,,,,,
난,2626,,,,,,,,,,
날치알,486,,,,,,,,,,
납작당면,2723,,,,,,,,,,
낫토,804,,,,,,,,,,
냉면,1247,,,,,,,,,,
냉면육수,1161,,,,,,,,,,
냉이,45,,,,,,,,,,
넙치,3205,,,,,,,,,,
넛맥,811,,,,,,,,,,
노가리,826,175,600,수산물,615,명태,01,생선,마리,1,05
노각,793,,,,,,,,,,
노각무침,3622,,,,,,,,,,
노래미,3620,,,,,,,,,,
노추소스,970,,,,,,,,,,
녹두,113,11,100,식량작물,143,녹두,00,국산,g,500,04
녹말가루,1791,,,,,,,,,,
녹미,943,,,,,,,,,,
녹차,1348,,,,,,,,,,
녹차가루,545,,,,,,,,,,
농어,824,,,,,,,,,,
뇨끼,2684,,,,,,,,,,
누들면,1832,,,,,,,,,,
누룩,1449,,,,,,,,,,
누룩소금,1453,,,,,,,,,,
누룽지,794,,,,,,,,,,
누텔라,1007,,,,,,,,,,
눈개승마,2144,,,,,,,,,,
눈꽃치즈,2429,,,,,,,,,,
느억맘소스,3107,,,,,,,,,,
느타리버섯,55,107,300,특용작물,315,느타리버섯,00,느타리버섯,g,100,04
능이버섯,822,,,,,,,,,,
다래순,2726,,,,,,,,,,
다슬기,821,,,,,,,,,,
다시다,795,,,,,,,,,,
다시마,89,204,600,수산물,660,건다시마,01,완도산,g,100,04
다시마팩,3562,,,,,,,,,,
다이제,1159,,,,,,,,,,
다진마늘,233,87,200,채소류,258,깐마늘(국산),01,깐마늘(국산),kg,1,04
다크체리,2479,151,400,과일류,425,체리,00,수입,g,100,04
단감,2907,137,400,과일류,416,단감,00,단감,개,10,04
단무지,500,,,,,,,,,,
단촛물,1106,,,,,,,,,,
단호박,332,215,200,채소류,224,호박,03,단호박,kg,1,07
단호박가루,1345,215,200,채소류,224,호박,03,단호박,kg,1,07
단호박샐러드,2279,,,,,,,,,,
단호박퓨레,2821,,,,,,,,,,
달고나,2274,,,,,,,,,,
달래,361,,,,,,,,,,
닭,125,513,500,축산물,9901,닭 육계(kg),99,육계(kg),kg,1,1
닭가슴살,302,513,500,축산물,9901,닭 육계(kg),99,육계(kg),kg,1,1
닭가슴살소세지,1581,,,,,,,,,,
닭가슴살햄,1585,,,,,,,,,,
닭갈비,1151,,,,,,,,,,
닭껍질,2633,,,,,,,,,,
닭날개,304,,,,,,,,,,
닭똥집,333,,,,,,,,,,
닭발,301,513,500,축산물,9901,닭 육계(kg),99,육계(kg),kg,1,1
닭봉,813,,,,,,,,,,
닭뼈,3046,513,500,축산물,9901,닭 육계(kg),99,육계(kg),kg,1,1
닭육수,1010,513,500,축산물,9901,닭 육계(kg),99,육계(kg),kg,1,1
당귀,796,,,,,,,,,,
당귀잎,2510,,,,,,,,,,
당근,8,45,200,채소류,232,당근,00,당근,kg,1,04
당근라페,1123,,,,,,,,,,
당면,305,,,,,,,,,,
대게,308,,,,,,,,,,
대구,67,,,,,,,,,,
대창,1408,,,,,,,,,,
대추,131,,,,,,,,,,
대추씨,3154,,,,,,,,,,
대추채,2143,,,,,,,,,,
대추청,2245,,,,,,,,,,
대파,26,74,200,채소류,246,파,00,대파,kg,1,04
대파김치,1889,,,,,,,,,,
대하,310,200,600,수산물,654,새우,01,흰다리(수입),마리,10,05
대합,311,,,,,,,,,,
대합살,1992,,,,,,,,,,
더덕,36,,,,,,,,,,
더치커피,1772,,,,,,,,,,
데리야끼소스,488,,,,,,,,,,
데미글라스소스,2032,,,,,,,,,,
도가니,1902,,,,,,,,,,
도넛믹스,2525,,,,,,,,,,
도다리,817,,,,,,,,,,
도라지,37,,,,,,,,,,
도라지청,2101,,,,,,,,,,
도루묵,315,,,,,,,,,,
도미,820,,,,,,,,,,
도토리,185,,,,,,,,,,
도토리가루,924,,,,,,,,,,
도토리묵,335,,,,,,,,,,
돈까스,987,,,,,,,,,,
돈까스소스,1020,,,,,,,,,,
돌나물,1009,,,,,,,,,,
돌미나리,818,,,,,,,,,,
동그랑땡,1060,,,,,,,,,,
동부,1451,,,,,,,,,,
동치미,1248,,,,,,,,,,
동태,61,175,600,수산물,615,명태,01,생선,마리,1,05
동태포,910,175,600,수산물,615,명태,01,생선,마리,1,05
돼지 등뼈,1253,,,,,,,,,,
돼지갈비소스,1457,,,,,,,,,,
돼지감자,815,,,,,,,,,,
돼지고기 갈매기살,837,,,,,,,,,,
돼지고기 갈비,119,508,500,축산물,4304,돼지 갈비,28,갈비,g,100,1
돼지고기 곱창,2135,,,,,,,,,,
돼지고기 뒷다리살,848,,,,,,,,,,
돼지고기 등뼈,939,,,,,,,,,,
돼지고기 등심,116,,,,,,,,,,
돼지고기 막창,2546,,,,,,,,,,
돼지고기 목살,117,509,500,축산물,4304,돼지 목심,68,목심,g,100,1
돼지고기 사골,2547,,,,,,,,,,
돼지고기 사태,339,,,,,,,,,,
돼지고기 삼겹살,340,507,500,축산물,4304,돼지 삼겹살,27,삼겹살,g,100,1
돼지고기 안심,115,,,,,,,,,,
돼지고기 앞다리살,118,506,500,축산물,4304,돼지 앞다리,25,앞다리,g,100,1
돼지고기 오겹살,1594,,,,,,,,,,
돼지고기 폭립,2323,,,,,,,,,,
돼지고기 항정살,325,,,,,,,,,,
돼지기름,2740,,,,,,,,,,
돼지껍데기,814,,,,,,,,,,
돼지족발,3171,,,,,,,,,,
된장,378,,,,,,,,,,
된장국,739,,,,,,,,,,
된장찌개,2867,,,,,,,,,,
두릅,48,,,,,,,,,,
두반장,493,,,,,,,,,,
두부,327,,,,,,,,,,
두부면,1045,,,,,,,,,,
두유,328,,,,,,,,,,
둥굴레,2699,,,,,,,,,,
드라이이스트,572,,,,,,,,,,
드레싱소스,2201,,,,,,,,,,
들기름,331,,,,,,,,,,
들깨,341,103,300,특용작물,313,들깨,01,국산,[],[],04
디료,2049,,,,,,,,,,
디포리육수,366,,,,,,,,,,
딜,1071,,,,,,,,,,
딱새우,3190,200,600,수산물,654,새우,01,흰다리(수입),마리,10,05
딸기,154,40,200,채소류,226,딸기,00,딸기,g,100,04
딸기분말,2448,40,200,채소류,226,딸기,00,딸기,g,100,04
딸기시럽,1728,,,,,,,,,,
딸기우유,1618,,,,,,,,,,
딸기주스,2964,,,,,,,,,,
딸기파우더,1099,40,200,채소류,226,딸기,00,딸기,g,100,04
딸기퓨레,1074,,,,,,,,,,
땅콩,183,105,300,특용작물,314,땅콩,01,국산,g,100,04
땅콩기름,1873,,,,,,,,,,
땅콩버터,199,,,,,,,,,,
땅콩소스,1088,,,,,,,,,,
떡,858,,,,,,,,,,
떡갈비,1054,,,,,,,,,,
떡국떡,1944,,,,,,,,,,
떡볶이,1273,,,,,,,,,,
떡볶이소스,2106,,,,,,,,,,
또디아,232,,,,,,,,,,
또띠아,2722,,,,,,,,,,
라구소스,1592,,,,,,,,,,
라디치오,1540,,,,,,,,,,
라면,1284,,,,,,,,,,
라면사리,445,,,,,,,,,,
라면스프,1301,,,,,,,,,,
라비올리,1588,,,,,,,,,,
라이스밸리,2256,,,,,,,,,,
라이스페이퍼,238,,,,,,,,,,
라임,132,,,,,,,,,,
라임즙,239,,,,,,,,,,
라즈베리,180,,,,,,,,,,
락교,1346,,,,,,,,,,
랍스터,243,,,,,,,,,,
랜치소스,3140,,,,,,,,,,
럼주,432,,,,,,,,,,
레드와인,246,,,,,,,,,,
레디쉬,244,,,,,,,,,,
레몬,133,150,400,과일류,424,레몬,00,수입,개,10,04
레몬가루,2019,150,400,과일류,424,레몬,00,수입,개,10,04
레몬그라스,1263,,,,,,,,,,
레몬수,1795,,,,,,,,,,
레몬오일,1943,,,,,,,,,,
레몬제스트,960,150,400,과일류,424,레몬,00,수입,개,10,04
레몬주스,918,,,,,,,,,,
레몬즙,250,150,400,과일류,424,레몬,00,수입,개,10,04
레몬청,251,,,,,,,,,,
레몬필,1168,150,400,과일류,424,레몬,00,수입,개,10,04
렌즈콩,110,6,100,식량작물,141,콩,01,흰 콩(국산),g,500,04
로제소스,1971,,,,,,,,,,
로제파스타소스,1951,,,,,,,,,,
로즈마리,253,,,,,,,,,,
로즈마리가루,2089,,,,,,,,,,
롤케이크,2967,,,,,,,,,,
루꼴라,256,,,,,,,,,,
리코타치즈,257,,,,,,,,,,
마,49,,,,,,,,,,
마늘,28,87,200,채소류,258,깐마늘(국산),01,깐마늘(국산),kg,1,04
마늘가루,999,87,200,채소류,258,깐마늘(국산),01,깐마늘(국산),kg,1,04
마늘기름,2006,,,,,,,,,,
마늘바게트,2926,,,,,,,,,,
마늘소스,2428,,,,,,,,,,
마늘오일,2000,,,,,,,,,,
마늘잎,2978,,,,,,,,,,
마늘장아찌,1264,,,,,,,,,,
마늘잼,2973,,,,,,,,,,
마늘쫑,16,,,,,,,,,,
마늘청,2975,,,,,,,,,,
마늘크림,2974,,,,,,,,,,
마늘파우더,3442,,,,,,,,,,
마늘햄,1541,,,,,,,,,,
마늘후레이크,2188,,,,,,,,,,
마라소스,1098,,,,,,,,,,
마라탕소스,2253,,,,,,,,,,
마른오징어,263,189,600,수산물,640,건오징어,00,건오징어,마리,10,05
마살라,1976,,,,,,,,,,
마스카포네 치즈,214,,,,,,,,,,
마시멜로,1061,,,,,,,,,,
마요네즈,228,,,,,,,,,,
마카다미아,264,,,,,,,,,,
마카로니,284,,,,,,,,,,
마카롱,1463,,,,,,,,,,
마카롱믹스,1466,,,,,,,,,,
마키베리파우더,3128,,,,,,,,,,
막걸리,285,,,,,,,,,,
막국수,2450,,,,,,,,,,
막대과자,1987,,,,,,,,,,
만가닥버섯,286,,,,,,,,,,
만능양념장,1780,,,,,,,,,,
만두,983,,,,,,,,,,
만두소,1905,,,,,,,,,,
만두피,287,,,,,,,,,,
말린허브,2318,,,,,,,,,,
맛간장,862,,,,,,,,,,
맛밤,2574,,,,,,,,,,
맛살,290,,,,,,,,,,
맛소금,292,,,,,,,,,,
맛술,293,,,,,,,,,,
망고,134,154,400,과일류,428,망고,00,수입,개,1,04
망고스틴,176,,,,,,,,,,
망고주스,2559,,,,,,,,,,
망고퓨레,297,,,,,,,,,,
매생이,92,,,,,,,,,,
매쉬드포테이토,2685,,,,,,,,,,
매실,135,,,,,,,,,,
매실액,852,,,,,,,,,,
매실장아찌,1110,,,,,,,,,,
매실주,299,,,,,,,,,,
매실청,947,,,,,,,,,,
매운갈비양념,1464,,,,,,,,,,
매운고추,2935,57,200,채소류,242,풋고추,03,청양고추,g,100,04
매운소스,2009,,,,,,,,,,
맥문동,3470,,,,,,,,,,
맥주,307,,,,,,,,,,
머랭,2837,,,,,,,,,,
머랭쿠키,2839,,,,,,,,,,
머위,314,,,,,,,,,,
머위나물,313,,,,,,,,,,
머핀,1003,,,,,,,,,,
머핀믹스,1368,,,,,,,,,,
먹태,2254,188,600,수산물,639,북어,02,먹태,[],[],05
멍게,316,,,,,,,,,,
멍게젓,2641,,,,,,,,,,
멍게젓갈,1515,,,,,,,,,,
메로,978,,,,,,,,,,
메로나,2885,,,,,,,,,,
메론,137,86,200,채소류,257,멜론,00,멜론,개,1,04
메밀,845,13,100,식량작물,144,메밀,01,메밀(수입),[],[],05
메밀가루,317,13,100,식량작물,144,메밀,01,메밀(수입),[],[],05
메밀면,358,,,,,,,,,,
메밀묵,319,,,,,,,,,,
메이플시럽,322,,,,,,,,,,
메주,405,,,,,,,,,,
메주가루,1454,,,,,,,,,,
메추리알,221,,,,,,,,,,
멥쌀,334,,,,,,,,,,
면,1118,,,,,,,,,,
멸치,323,186,600,수산물,638,건멸치,00,건멸치,g,100,27
멸치가루,1006,186,600,수산물,638,건멸치,00,건멸치,g,100,27
멸치볶음,1208,,,,,,,,,,
멸치액젓,337,,,,,,,,,,
멸치육수,344,186,600,수산물,638,건멸치,00,건멸치,g,100,27
멸치젓갈,1395,,,,,,,,,,
명란,326,,,,,,,,,,
명엽채,348,,,,,,,,,,
명이나물,342,,,,,,,,,,
명태,68,175,600,수산물,615,명태,01,생선,마리,1,05
명태포,355,175,600,수산물,615,명태,01,생선,마리,1,05
모과,138,,,,,,,,,,
모과청,1683,,,,,,,,,,
모닝빵,356,,,,,,,,,,
모둠전,1624,,,,,,,,,,
모자반,2314,,,,,,,,,,
모짜렐라치즈,211,,,,,,,,,,
목이버섯,56,,,,,,,,,,
무,18,41,200,채소류,231,무,01,봄,개,1,04
무김치,3483,,,,,,,,,,
무말랭이,886,,,,,,,,,,
무생채,1160,,,,,,,,,,
무순,343,,,,,,,,,,
무슈구슈,362,,,,,,,,,,
무장아찌,1250,,,,,,,,,,
무즙,1124,,,,,,,,,,
무청,986,,,,,,,,,,
무초절임,3451,,,,,,,,,,
무화과,139,,,,,,,,,,
묵가루,1187,,,,,,,,,,
묵은지,932,,,,,,,,,,
문어,76,,,,,,,,,,
물,1005,,,,,,,,,,
물가자미,3417,,,,,,,,,,
물김치,3264,,,,,,,,,,
물만두,1481,,,,,,,,,,
물메기,367,,,,,,,,,,
물엿,345,,,,,,,,,,
미강,3505,,,,,,,,,,
미강가루,3030,,,,,,,,,,
미꾸라지,372,,,,,,,,,,
미나리,19,81,200,채소류,252,미나리,00,미나리,g,100,04
미나리잎,2359,,,,,,,,,,
미나리효소,2606,,,,,,,,,,
미더덕,88,,,,,,,,,,
미림,347,,,,,,,,,,
미숫가루,368,,,,,,,,,,
미역,90,192,600,수산물,642,건미역,00,건미역,g,100,04
미역국,2388,,,,,,,,,,
미역귀,379,,,,,,,,,,
미역누들,2507,,,,,,,,,,
미역줄기,3057,,,,,,,,,,
미트볼,1084,,,,,,,,,,
미트소스,1962,,,,,,,,,,
믹스가루,1929,,,,,,,,,,
민들레,1848,,,,,,,,,,
민물장어,2215,,,,,,,,,,
민어,349,,,,,,,,,,
민트,385,,,,,,,,,,
밀,106,,,,,,,,,,
밀가루,234,,,,,,,,,,
밀가루 강력분,373,,,,,,,,,,
밀가루 중력분,350,,,,,,,,,,
밀싹,388,,,,,,,,,,
밀키스,2138,,,,,,,,,,
밀키트,3016,,,,,,,,,,
바게트빵,390,,,,,,,,,,
바나나,140,138,400,과일류,418,바나나,02,수입,g,100,04
바나나엑기스,3067,,,,,,,,,,
바나나우유,2817,,,,,,,,,,
바닐라빈,894,,,,,,,,,,
바닐라시럽,3277,,,,,,,,,,
바닐라에센스,392,,,,,,,,,,
바닐라오일,393,,,,,,,,,,
바닐라익스트랙,893,,,,,,,,,,
바닐라파우더,1185,,,,,,,,,,
바베큐소스,1073,,,,,,,,,,
바지락,83,,,,,,,,,,
바질,371,,,,,,,,,,
바질가루,2088,,,,,,,,,,
바질시드,1771,,,,,,,,,,
바질오일,1213,,,,,,,,,,
바질페스토,903,,,,,,,,,,
박,1844,,,,,,,,,,
박나물,2863,,,,,,,,,,
박대,1189,,,,,,,,,,
박력분,351,,,,,,,,,,
박카스,3641,,,,,,,,,,
발사믹소스,1022,,,,,,,,,,
발사믹식초,397,,,,,,,,,,
발효액,2581,,,,,,,,,,
발효종,2328,,,,,,,,,,
밤,186,,,,,,,,,,
밤가루,2903,,,,,,,,,,
밤호박,965,,,,,,,,,,
밥,424,,,,,,,,,,
방아잎,399,,,,,,,,,,
방어,2260,,,,,,,,,,
방울토마토,375,147,200,채소류,422,방울토마토,01,방울토마토,kg,1,04
방풍나물,400,,,,,,,,,,
배,141,117,400,과일류,412,배,01,신고,개,10,04
배음료,1265,,,,,,,,,,
배즙,856,,,,,,,,,,
배추,31,22,200,채소류,211,배추,01,봄,포기,1,04
배추김치,402,,,,,,,,,,
백김치,3218,,,,,,,,,,
백년초,2152,,,,,,,,,,
백련초,403,,,,,,,,,,
백명란,1267,,,,,,,,,,
백설기,2608,,,,,,,,,,
백설바닐라케익믹스,1566,,,,,,,,,,
백앙금,1432,,,,,,,,,,
백합,84,,,,,,,,,,
버섯,581,107,300,특용작물,315,느타리버섯,00,느타리버섯,g,100,04
버섯가루,1141,107,300,특용작물,315,느타리버섯,00,느타리버섯,g,100,04
버터,197,,,,,,,,,,
버터밀크,1254,,,,,,,,,,
번데기통조림,408,,,,,,,,,,
베리믹스,3129,,,,,,,,,,
베샤멜소스,2529,,,,,,,,,,
베이글,409,,,,,,,,,,
베이비,2689,,,,,,,,,,
베이컨,410,,,,,,,,,,
베이크빈,411,,,,,,,,,,
베이킹소다,949,,,,,,,,,,
베이킹파우더,377,,,,,,,,,,
베지프랑크,2645,,,,,,,,,,
베트남고추,613,,,,,,,,,,
병아리콩,112,,,,,,,,,,
병어,69,,,,,,,,,,
보드카,412,,,,,,,,,,
보리,97,210,100,식량작물,162,보리,01,보리,g,800,07
보리가루,882,210,100,식량작물,162,보리,01,보리,g,800,07
보리밥,1205,,,,,,,,,,
보리새우,414,,,,,,,,,,
보리수,181,,,,,,,,,,
보리차,1790,,,,,,,,,,
보리튀밥,3162,,,,,,,,,,
보말,2064,,,,,,,,,,
보크라이스,2870,,,,,,,,,,
복분자,142,,,,,,,,,,
복분자가루,2079,,,,,,,,,,
복숭아,143,121,400,과일류,413,복숭아,01,백도,개,10,04
복숭아청,1686,,,,,,,,,,
복숭아통조림,2602,,,,,,,,,,
복어,2377,,,,,,,,,,
볶음밥,2067,,,,,,,,,,
볶음우동,1819,,,,,,,,,,
볼로냐소스,3150,,,,,,,,,,
봄나물,1546,,,,,,,,,,
봄동,421,,,,,,,,,,
봉골레소스,1969,,,,,,,,,,
부대찌개양념,2348,,,,,,,,,,
부지깽이,889,,,,,,,,,,
부추,29,83,200,채소류,254,부추,00,부추,kg,1,04
부추김치,3366,,,,,,,,,,
부추무침,2068,,,,,,,,,,
부침가루,391,,,,,,,,,,
부침개,3414,,,,,,,,,,
북어,426,187,600,수산물,639,북어,01,황태,[],[],05
북어국,3209,,,,,,,,,,
북어껍질,3208,187,600,수산물,639,북어,01,황태,[],[],05
북어포,427,187,600,수산물,639,북어,01,황태,[],[],05
분유,878,,,,,,,,,,
불고기양념,1458,,,,,,,,,,
불닭볶으면,1974,,,,,,,,,,
불닭소스,1049,,,,,,,,,,
불루베리,1352,,,,,,,,,,
붕장어,430,,,,,,,,,,
브라우니,1781,,,,,,,,,,
브라우니가루,2647,,,,,,,,,,
브로콜리,10,99,200,채소류,280,브로콜리,00,브로콜리(국산),개,1,04
브로콜리가루,2129,99,200,채소류,280,브로콜리,00,브로콜리(국산),개,1,04
브로콜리감자스프,2316,,,,,,,,,,
브리치즈,209,,,,,,,,,,
블랙타이거새우,1784,,,,,,,,,,
블루베리,144,223,400,과일류,429,블루베리,01,블루베리,g,100,07
블루베리가루,1486,223,400,과일류,429,블루베리,01,블루베리,g,100,07
블루베리주스,2914,,,,,,,,,,
블루베리즙,2816,223,400,과일류,429,블루베리,01,블루베리,g,100,07
비빔면,1290,,,,,,,,,,
비빔밥,3149,,,,,,,,,,
비스킷,2441,,,,,,,,,,
비엔나소세지,437,,,,,,,,,,
비지,438,,,,,,,,,,
비타민,3298,,,,,,,,,,
비타민채소,1411,,,,,,,,,,
비트,43,,,,,,,,,,
비트가루,1489,,,,,,,,,,
비프스톡,1244,,,,,,,,,,
빠네빵,2076,,,,,,,,,,
빵,1041,,,,,,,,,,
빵가루,440,,,,,,,,,,
빼빼로,1720,,,,,,,,,,
뻥튀기,2389,,,,,,,,,,
뽕잎,1397,,,,,,,,,,
뽕잎가루,2571,,,,,,,,,,
사골육수,988,,,,,,,,,,
사과,157,113,400,과일류,411,사과,01,홍옥,개,10,04
사과가루,2651,113,400,과일류,411,사과,01,홍옥,개,10,04
사과잼,442,,,,,,,,,,
사과주스,968,,,,,,,,,,
사과쥬스,1485,,,,,,,,,,
사과청,2661,,,,,,,,,,
사리면,3569,,,,,,,,,,
사우전아일랜드드레싱,851,,,,,,,,,,
사워크림,904,,,,,,,,,,
사이다,446,,,,,,,,,,
사탕,3355,,,,,,,,,,
산딸기,1687,,,,,,,,,,
산야초효소,1854,,,,,,,,,,
산양삼,2727,,,,,,,,,,
산초,1672,,,,,,,,,,
살구,158,,,,,,,,,,
살라미,1152,,,,,,,,,,
살사소스,1126,,,,,,,,,,
삼각김밥,2054,,,,,,,,,,
삼각살,3056,,,,,,,,,,
삼성당,3333,,,,,,,,,,
삼채,2845,,,,,,,,,,
삼치,71,,,,,,,,,,
상추,15,28,200,채소류,214,상추,01,적,g,100,04
새송이버섯,57,110,300,특용작물,317,새송이버섯,00,새송이버섯,g,100,04
새싹,1833,,,,,,,,,,
새싹보리,1998,210,100,식량작물,162,보리,01,보리,g,800,07
새알심,2577,,,,,,,,,,
새우,78,200,600,수산물,654,새우,01,흰다리(수입),마리,10,05
새우가루,2417,200,600,수산물,654,새우,01,흰다리(수입),마리,10,05
새우깡,2565,,,,,,,,,,
새우볶음밥,2071,,,,,,,,,,
새우볼,3192,,,,,,,,,,
새우완탕,3191,,,,,,,,,,
새우장새우,3237,,,,,,,,,,
새우젓,394,196,600,수산물,650,새우젓,00,새우젓,kg,1,04
새우튀김,1218,,,,,,,,,,
새우패티,3188,,,,,,,,,,
샐러드,2142,,,,,,,,,,
샐러드소스,1320,,,,,,,,,,
샐러리,2082,,,,,,,,,,
생강,27,76,200,채소류,247,생강,00,국산,kg,1,04
생강가루,459,76,200,채소류,247,생강,00,국산,kg,1,04
생강술,969,,,,,,,,,,
생강즙,461,76,200,채소류,247,생강,00,국산,kg,1,04
생강차,1693,,,,,,,,,,
생강청,463,,,,,,,,,,
생강초,1694,,,,,,,,,,
생나또,1785,,,,,,,,,,
생선,1843,,,,,,,,,,
생선살,2344,,,,,,,,,,
생선전,2553,,,,,,,,,,
생지,1705,,,,,,,,,,
생취나물,3614,,,,,,,,,,
생크림,489,,,,,,,,,,
생태,490,175,600,수산물,615,명태,01,생선,마리,1,05
샤워크라우트,2848,,,,,,,,,,
샤이니볼,3116,,,,,,,,,,
샤인머스켓,1261,133,400,과일류,414,포도,12,샤인머스켓,kg,2,24
샤프란,2567,,,,,,,,,,
샬롯,1043,,,,,,,,,,
서대,495,,,,,,,,,,
서더리,3350,,,,,,,,,,
석류,159,,,,,,,,,,
석류즙,2392,,,,,,,,,,
석박지,1312,,,,,,,,,,
석이버섯,497,,,,,,,,,,
선지,492,,,,,,,,,,
설렁탕,2400,,,,,,,,,,
설타나,2498,,,,,,,,,,
설탕,226,,,,,,,,,,
설탕시럽,3310,,,,,,,,,,
성게,2267,,,,,,,,,,
성게알,1207,,,,,,,,,,
셀러리,13,,,,,,,,,,
소간,3157,,,,,,,,,,
소갈비양념,1456,,,,,,,,,,
소고기 갈비,123,505,500,축산물,4301,소 갈비,50,갈비,g,100,3
소고기 꼬리,1535,,,,,,,,,,
소고기 등심,121,502,500,축산물,4301,소 등심,22,등심,g,100,3
소고기 막창,3211,,,,,,,,,,
소고기 목심,525,,,,,,,,,,
소고기 부채살,425,,,,,,,,,,
소고기 사골,124,,,,,,,,,,
소고기 사태,122,,,,,,,,,,
소고기 사태살,2340,,,,,,,,,,
소고기 살치살,3036,,,,,,,,,,
소고기 설도,861,503,500,축산물,4301,소 설도,36,설도,g,100,3
소고기 스지,1622,,,,,,,,,,
소고기 안심,120,501,500,축산물,4301,소 안심,21,안심,g,100,3
소고기 안심살,1321,501,500,축산물,4301,소 안심,21,안심,g,100,3
소고기 안창살,977,,,,,,,,,,
소고기 양지,584,504,500,축산물,4301,소 양지,40,양지,g,100,3
소고기 양지살,2169,,,,,,,,,,
소고기 우둔살,515,,,,,,,,,,
소고기 우삽겹,1104,,,,,,,,,,
소고기 차돌박이,752,,,,,,,,,,
소고기 채끝살,3031,,,,,,,,,,
소고기 치마살,3042,,,,,,,,,,
소고기 홍두깨살,3033,,,,,,,,,,
소곱창,1632,,,,,,,,,,
소금,501,,,,,,,,,,
소금물,1120,,,,,,,,,,
소내장,2632,,,,,,,,,,
소다,2352,,,,,,,,,,
소라,441,,,,,,,,,,
소라게,2773,,,,,,,,,,
소면,527,,,,,,,,,,
소보로,1347,,,,,,,,,,
소세지,789,,,,,,,,,,
소스,1103,,,,,,,,,,
소시지,1182,,,,,,,,,,
소주,585,,,,,,,,,,
솔잎,627,,,,,,,,,,
송어,628,,,,,,,,,,
송이버섯,528,,,,,,,,,,
송편,1206,,,,,,,,,,
송화버섯,1388,,,,,,,,,,
수박,160,,,,,,,,,,
수수,101,,,,,,,,,,
수수가루,1536,,,,,,,,,,
수정과,2126,,,,,,,,,,
수제비,1181,,,,,,,,,,
숙주,51,,,,,,,,,,
숙지황,2550,,,,,,,,,,
순대,691,,,,,,,,,,
순두부,502,,,,,,,,,,
순두부찌개,1776,,,,,,,,,,
순무,692,,,,,,,,,,
순살치킨,1102,,,,,,,,,,
숭어,1328,,,,,,,,,,
슈가파우더,550,,,,,,,,,,
스리라차소스,1017,,,,,,,,,,
스위트칠리소스,2393,,,,,,,,,,
스키야끼소스,3165,,,,,,,,,,
스테이크,2585,,,,,,,,,,
스테이크소스,266,,,,,,,,,,
스테이크시즈닝가루,1491,,,,,,,,,,
스트링치즈,201,,,,,,,,,,
스파게티라면,1291,,,,,,,,,,
스파게티면,743,,,,,,,,,,
스파게티소스,874,,,,,,,,,,
스팸,643,,,,,,,,,,
스프,2321,,,,,,,,,,
슬라이스치즈,213,,,,,,,,,,
슬라이스햄,716,,,,,,,,,,
시금치,1,27,200,채소류,213,시금치,00,시금치,g,100,04
시금치페스토,1319,,,,,,,,,,
시나몬가루,475,,,,,,,,,,
시나몬슈가,1403,,,,,,,,,,
시래기,506,,,,,,,,,,
시럽,1402,,,,,,,,,,
시리얼,1056,,,,,,,,,,
시즈닝,1606,,,,,,,,,,
시즈닝가루,1608,,,,,,,,,,
시치미,2187,,,,,,,,,,
식빵,507,,,,,,,,,,
식빵믹스,1551,,,,,,,,,,
식용색소,959,,,,,,,,,,
식용유,508,,,,,,,,,,
식초,231,,,,,,,,,,
식혜,1255,,,,,,,,,,
신선초,2385,,,,,,,,,,
신화당,1877,,,,,,,,,,
실치,951,,,,,,,,,,
실파,509,,,,,,,,,,
실한천,2419,,,,,,,,,,
심미,1064,,,,,,,,,,
싸리버섯,3326,,,,,,,,,,
쌀,95,1,100,식량작물,111,쌀,01,20kg,kg,20,04
쌀가루,336,1,100,식량작물,111,쌀,01,20kg,kg,20,04
쌀국수,728,,,,,,,,,,
쌀국수소스,1129,,,,,,,,,,
쌀눈,3290,,,,,,,,,,
쌀뜨물,885,,,,,,,,,,
쌀튀밥,2280,,,,,,,,,,
쌀풀,3221,,,,,,,,,,
쌈,2488,,,,,,,,,,
쌈무,363,,,,,,,,,,
쌈장,774,,,,,,,,,,
쌍화탕,1087,,,,,,,,,,
썬드라이토마토,1539,,,,,,,,,,
쑥,510,,,,,,,,,,
쑥갓,30,,,,,,,,,,
쑥갓잎,1990,,,,,,,,,,
씀바귀,705,,,,,,,,,,
아가베시럽,701,,,,,,,,,,
아귀,453,,,,,,,,,,
아귀포,2563,,,,,,,,,,
아기된장,1500,,,,,,,,,,
아기소금,1936,,,,,,,,,,
아라비아따소스,2636,,,,,,,,,,
아로니아,702,,,,,,,,,,
아로니아가루,1210,,,,,,,,,,
아로니아분말,1822,,,,,,,,,,
아마란스,1994,,,,,,,,,,
아마씨,756,,,,,,,,,,
아마씨가루,2011,,,,,,,,,,
아몬드,192,112,300,특용작물,319,아몬드,00,수입,g,100,05
아몬드가루,704,112,300,특용작물,319,아몬드,00,수입,g,100,05
아몬드멸치볶음,2872,,,,,,,,,,
아몬드브리즈,2074,,,,,,,,,,
아몬드오일,3649,,,,,,,,,,
아몬드우유,2078,,,,,,,,,,
아보카도,161,155,400,과일류,430,아보카도,00,수입,개,1,04
아사이베리,2915,,,,,,,,,,
아스파라거스,22,,,,,,,,,,
아욱,32,,,,,,,,,,
아이스크림,902,,,,,,,,,,
아이스티,2669,,,,,,,,,,
아이용치즈,1736,,,,,,,,,,
아카시아꽃,3419,,,,,,,,,,
알,1460,,,,,,,,,,
알로에,1648,,,,,,,,,,
알리올리오,1954,,,,,,,,,,
알타리,891,98,200,채소류,279,알배기배추,00,알배기배추,포기,1,04
알타리김치,1147,,,,,,,,,,
애느타리버섯,592,108,300,특용작물,315,느타리버섯,01,애느타리버섯,g,100,04
애플망고,594,,,,,,,,,,
애플민트,596,,,,,,,,,,
애호박,6,37,200,채소류,224,호박,01,애호박,개,1,04
액상스프,2798,,,,,,,,,,
액젓,590,,,,,,,,,,
앵두,162,,,,,,,,,,
야관문,1852,,,,,,,,,,
야끼소바,2499,,,,,,,,,,
야채,931,,,,,,,,,,
야채스톡,3022,,,,,,,,,,
야채육수,3009,,,,,,,,,,
야콘,591,,,,,,,,,,
약과,3111,,,,,,,,,,
양갈비,1665,,,,,,,,,,
양갱,922,,,,,,,,,,
양고기,688,,,,,,,,,,
양고기 등심,3214,,,,,,,,,,
양꼬치소스,2425,,,,,,,,,,
양념,1459,,,,,,,,,,
양념가루,2325,,,,,,,,,,
양념게장,2282,,,,,,,,,,
양념소스,1890,,,,,,,,,,
양념장,1031,,,,,,,,,,
양념치킨,1547,,,,,,,,,,
양미리,593,,,,,,,,,,
양배추,20,26,200,채소류,212,양배추,00,양배추,포기,1,04
양배추가루,2811,26,200,채소류,212,양배추,00,양배추,포기,1,04
양배추즙,2124,26,200,채소류,212,양배추,00,양배추,포기,1,04
양상추,41,217,200,채소류,262,양상추,01,양상추,g,100,07
양송이버섯,53,221,300,특용작물,321,양송이버섯,01,양송이버섯,g,130,07
양송이스프,1059,,,,,,,,,,
양장피,2234,,,,,,,,,,
양조간장,551,,,,,,,,,,
양태,3612,,,,,,,,,,
양파,2,71,200,채소류,245,양파,00,양파,kg,1,04
양파가루,998,71,200,채소류,245,양파,00,양파,kg,1,04
양파기름,2576,,,,,,,,,,
양파김치,3020,,,,,,,,,,
양파껍칠,3055,71,200,채소류,245,양파,00,양파,kg,1,04
양파소스,3178,,,,,,,,,,
양파장아찌,1617,,,,,,,,,,
양파즙,598,,,,,,,,,,
양파청,1078,,,,,,,,,,
양파효소,1246,,,,,,,,,,
양파후레이크,2190,,,,,,,,,,
어린잎,602,,,,,,,,,,
어묵,552,,,,,,,,,,
어묵소스,2991,,,,,,,,,,
어묵육수,1805,,,,,,,,,,
어포,407,,,,,,,,,,
어향소스,1669,,,,,,,,,,
얼갈이 배추,601,30,200,채소류,215,얼갈이배추,00,얼갈이배추,kg,1,04
얼그레이,538,,,,,,,,,,
얼음,2333,,,,,,,,,,
엄나무,1093,,,,,,,,,,
엉겅퀴,1649,,,,,,,,,,
여주,604,,,,,,,,,,
연근,23,213,200,채소류,217,연근,01,연근,g,100,07
연근가루,2099,213,200,채소류,217,연근,01,연근,g,100,07
연근칩,2096,213,200,채소류,217,연근,01,연근,g,100,07
연두부,690,,,,,,,,,,
연어,60,,,,,,,,,,
연어살,2156,,,,,,,,,,
연어장,2378,,,,,,,,,,
연어캔,1155,,,,,,,,,,
연어통조림,606,,,,,,,,,,
연유,203,,,,,,,,,,
연잎,608,,,,,,,,,,
연잎가루,1344,,,,,,,,,,
열갱이,2305,,,,,,,,,,
열기,3432,,,,,,,,,,
열무,34,49,200,채소류,233,열무,00,열무,kg,1,04
열무김치,1014,,,,,,,,,,
열빙어,1004,,,,,,,,,,
염장다시마,2057,,,,,,,,,,
엿기름,1051,,,,,,,,,,
영지버섯,3029,,,,,,,,,,
오가피,1636,,,,,,,,,,
오감자,3127,,,,,,,,,,
오곡,3271,,,,,,,,,,
오골계,708,,,,,,,,,,
오꼬노미야끼,1863,,,,,,,,,,
오꼬노미야끼소스,1136,,,,,,,,,,
오돌뼈,3164,,,,,,,,,,
오디,163,,,,,,,,,,
오디즙,706,,,,,,,,,,
오디청,2582,,,,,,,,,,
오레가노,555,,,,,,,,,,
오레오,1047,,,,,,,,,,
오렌지,164,142,400,과일류,421,오렌지,02,수입,개,10,04
오렌지주스,1077,,,,,,,,,,
오렌지필,1643,142,400,과일류,421,오렌지,02,수입,개,10,04
오리불고기,2549,,,,,,,,,,
오리엔탈 소스,1082,,,,,,,,,,
오만디,709,,,,,,,,,,
오므라이스소스,2871,,,,,,,,,,
오미자,165,,,,,,,,,,
오미자청,1091,,,,,,,,,,
오소리감투,2665,,,,,,,,,,
오이,7,34,200,채소류,223,오이,01,가시계통,개,10,04
오이고추,843,,,,,,,,,,
오이냉국,3071,,,,,,,,,,
오이무침,2104,,,,,,,,,,
오이소박이,1314,,,,,,,,,,
오이장아찌,2002,,,,,,,,,,
오이지,1021,,,,,,,,,,
오이지무침,2587,,,,,,,,,,
오징어,64,181,600,수산물,619,물오징어,01,생선,마리,1,05
오징어먹물,2109,,,,,,,,,,
오징어입,2954,181,600,수산물,619,물오징어,01,생선,마리,1,05
오징어젓갈,760,,,,,,,,,,
오코노미야끼파우더,1865,,,,,,,,,,
오크라,1396,,,,,,,,,,
오트밀,577,,,,,,,,,,
오트밀가루,1635,,,,,,,,,,
오향가루,3462,,,,,,,,,,
옥돔,578,,,,,,,,,,
옥수수,103,,,,,,,,,,
옥수수가루,880,,,,,,,,,,
옥수수면,2897,,,,,,,,,,
옥수수스프,1698,,,,,,,,,,
옥수수식빵믹스,2896,,,,,,,,,,
옥수수유,1601,,,,,,,,,,
옥수수전분,575,,,,,,,,,,
옥수수차,2589,,,,,,,,,,
옥수수콘,504,,,,,,,,,,
올갱이묵,2304,,,,,,,,,,
올리고당,580,,,,,,,,,,
올리브,174,,,,,,,,,,
올리브오일,563,,,,,,,,,,
올리브유,1465,,,,,,,,,,
올방개묵,611,,,,,,,,,,
올스파이스,1324,,,,,,,,,,
옹심이,1985,,,,,,,,,,
옻순,3395,,,,,,,,,,
와사비,582,,,,,,,,,,
와사비가루,2695,,,,,,,,,,
와인,1057,,,,,,,,,,
와플,1001,,,,,,,,,,
와플믹스,2060,,,,,,,,,,
완두배기,1101,,,,,,,,,,
완두콩,107,,,,,,,,,,
완자,2599,,,,,,,,,,
요거트,1984,,,,,,,,,,
요거트드레싱,2583,,,,,,,,,,
요거트파우더,761,,,,,,,,,,
요리당,2752,,,,,,,,,,
요리수,2051,,,,,,,,,,
요리초,1357,,,,,,,,,,
용과,583,,,,,,,,,,
우거지,897,,,,,,,,,,
우니,2375,,,,,,,,,,
우동,1809,,,,,,,,,,
우동사리,868,,,,,,,,,,
우동소스,1812,,,,,,,,,,
우럭,70,,,,,,,,,,
우렁,762,,,,,,,,,,
우무채,1163,,,,,,,,,,
우뭇가사리,777,,,,,,,,,,
우스타소스,763,,,,,,,,,,
우슬,3467,,,,,,,,,,
우엉,25,214,200,채소류,218,우엉,01,우엉,g,300,07
우유,218,516,500,축산물,9908,우유 흰우유,1,흰우유,L,1,1
우족,1626,,,,,,,,,,
울외장아찌,1868,,,,,,,,,,
원추리,764,,,,,,,,,,
월계수잎,614,,,,,,,,,,
월남쌈,2721,,,,,,,,,,
월남쌈소스,1131,,,,,,,,,,
위스키,3266,,,,,,,,,,
유부,615,,,,,,,,,,
유부초밥,1602,,,,,,,,,,
유자,166,,,,,,,,,,
유자가루,2179,,,,,,,,,,
유자소스,1811,,,,,,,,,,
유자잼,1333,,,,,,,,,,
유자청,989,,,,,,,,,,
유자폰소스,2175,,,,,,,,,,
유자필,2177,,,,,,,,,,
유채나물,958,,,,,,,,,,
유청,2799,,,,,,,,,,
육수,1026,,,,,,,,,,
육전,2716,,,,,,,,,,
육포,617,,,,,,,,,,
육회,2342,,,,,,,,,,
율무,104,212,100,식량작물,164,율무,01,율무,g,400,07
은달래,2628,,,,,,,,,,
은어,439,,,,,,,,,,
은행,188,,,,,,,,,,
음료,713,,,,,,,,,,
이까슈마,3132,,,,,,,,,,
이스트,570,,,,,,,,,,
이탈리아시즈닝,571,,,,,,,,,,
인삼,569,,,,,,,,,,
인삼즙,3202,,,,,,,,,,
인절미,1083,,,,,,,,,,
임연수어,72,,,,,,,,,,
잎새버섯,574,,,,,,,,,,
자두,167,,,,,,,,,,
자두청,2232,,,,,,,,,,
자몽,179,,,,,,,,,,
자몽청,1349,,,,,,,,,,
자일리톨,1237,,,,,,,,,,
잡곡,1111,,,,,,,,,,
잡곡밥,1079,,,,,,,,,,
잡채,1036,,,,,,,,,,
잣,187,,,,,,,,,,
장아찌,1108,,,,,,,,,,
장어,73,,,,,,,,,,
장어뼈,2777,,,,,,,,,,
장조림,1172,,,,,,,,,,
재첩,86,,,,,,,,,,
잼,151,,,,,,,,,,
적근대,1271,,,,,,,,,,
적상추,1117,28,200,채소류,214,상추,01,적,g,100,04
적양배추,621,,,,,,,,,,
적채,24,,,,,,,,,,
전,1427,,,,,,,,,,
전갱이,2302,,,,,,,,,,
전란,2512,,,,,,,,,,
전병,2301,,,,,,,,,,
전복,85,,,,,,,,,,
전복장,2042,,,,,,,,,,
전분가루,387,,,,,,,,,,
전어,74,,,,,,,,,,
절편,1525,,,,,,,,,,
젓갈,741,,,,,,,,,,
정종,624,,,,,,,,,,
정향,625,,,,,,,,,,
제피,3423,,,,,,,,,,
제피가루,887,,,,,,,,,,
젤리,1121,,,,,,,,,,
조개,458,,,,,,,,,,
조개관자,847,,,,,,,,,,
조개육수,2800,,,,,,,,,,
조개젓,745,,,,,,,,,,
조기,75,170,600,수산물,614,조기,01,생선,마리,1,05
조랭이떡,1025,,,,,,,,,,
조미김,975,191,600,수산물,641,김,01,얼구운김,장,10,05
조미료,382,,,,,,,,,,
조미술,1258,,,,,,,,,,
조선간장,744,,,,,,,,,,
조청,746,,,,,,,,,,
족발,1251,,,,,,,,,,
죽,2725,,,,,,,,,,
죽순,38,,,,,,,,,,
죽순통조림,2742,,,,,,,,,,
중국당면,995,,,,,,,,,,
중화면,1112,,,,,,,,,,
쥐똥고추,747,,,,,,,,,,
쥐포,778,,,,,,,,,,
쥬키니 호박,842,38,200,채소류,224,호박,02,쥬키니,개,1,04
진간장,755,,,,,,,,,,
진달래꽃,3384,,,,,,,,,,
진미채,576,,,,,,,,,,
진짬뽕,1283,,,,,,,,,,
짜사이,1578,,,,,,,,,,
짜장가루,1039,,,,,,,,,,
짜장소스,2040,,,,,,,,,,
짜파게티,1282,,,,,,,,,,
짬뽕,1627,,,,,,,,,,
쪽파,766,75,200,채소류,246,파,02,쪽파,kg,1,04
쫄면,909,,,,,,,,,,
쭈꾸미,62,,,,,,,,,,
쯔란,2531,,,,,,,,,,
쯔유,754,,,,,,,,,,
차수수,1921,,,,,,,,,,
차슈,3552,,,,,,,,,,
차이브,753,,,,,,,,,,
차조,800,,,,,,,,,,
찰밀가루,3068,,,,,,,,,,
참기름,666,,,,,,,,,,
참깨,667,100,300,특용작물,312,참깨,01,백색(국산),g,500,04
참깨가루,2246,100,300,특용작물,312,참깨,01,백색(국산),g,500,04
참나물,668,,,,,,,,,,
참두릅,1327,,,,,,,,,,
참외,168,33,200,채소류,222,참외,00,참외,개,10,04
참치,2548,,,,,,,,,,
참치마요,3316,,,,,,,,,,
참치액젓,671,,,,,,,,,,
참치통조림,567,,,,,,,,,,
참타리버섯,863,107,300,특용작물,315,느타리버섯,00,느타리버섯,g,100,04
찹스테이크,1610,,,,,,,,,,
찹쌀,98,5,100,식량작물,112,찹쌀,01,일반계,kg,1,04
찹쌀가루,673,5,100,식량작물,112,찹쌀,01,일반계,kg,1,04
찹쌀밥,1532,,,,,,,,,,
찹쌀풀,1002,,,,,,,,,,
창란젓,674,,,,,,,,,,
채수,3210,,,,,,,,,,
천궁,2566,,,,,,,,,,
천사채,807,,,,,,,,,,
천엽,3212,,,,,,,,,,
천일염,549,,,,,,,,,,
청각,1993,,,,,,,,,,
청경채,12,218,200,채소류,263,청경채,01,청경채,g,150,07
청고추,2941,55,200,채소류,242,풋고추,00,풋고추(녹광 등),g,100,04
청국장,677,,,,,,,,,,
청양고추,296,57,200,채소류,242,풋고추,03,청양고추,g,100,04
청어,3548,,,,,,,,,,
청어알젓,1516,,,,,,,,,,
청주,855,,,,,,,,,,
청포도,153,131,400,과일류,414,포도,10,톰슨 미국(~23.5),kg,1,04
청포묵,554,,,,,,,,,,
체다치즈,202,,,,,,,,,,
체리,148,151,400,과일류,425,체리,00,수입,g,100,04
체리청,1684,,,,,,,,,,
초간장,799,,,,,,,,,,
초고추장,854,,,,,,,,,,
초밥,2326,,,,,,,,,,
초밥소스,3148,,,,,,,,,,
초석잠,467,,,,,,,,,,
초코,2037,,,,,,,,,,
초코시럽,1860,,,,,,,,,,
초코청크,898,,,,,,,,,,
초코칩,911,,,,,,,,,,
초코펜,1075,,,,,,,,,,
초콜릿,529,,,,,,,,,,
춘권피,560,,,,,,,,,,
춘장,561,,,,,,,,,,
취나물,47,,,,,,,,,,
치아바타,3117,,,,,,,,,,
치아바타빵,991,,,,,,,,,,
치아시드,470,,,,,,,,,,
치자가루,1379,,,,,,,,,,
치즈,198,,,,,,,,,,
치즈가래떡,2460,,,,,,,,,,
치즈가루,1165,,,,,,,,,,
치즈돈가스,2452,,,,,,,,,,
치즈떡,1741,,,,,,,,,,
치즈볼,2445,,,,,,,,,,
치즈소스,1122,,,,,,,,,,
치즈스틱,2196,,,,,,,,,,
치즈케익,2155,,,,,,,,,,
치커리,35,,,,,,,,,,
치킨까스,3509,,,,,,,,,,
치킨스테이크,1575,,,,,,,,,,
치킨스톡,471,,,,,,,,,,
치킨스틱,1577,,,,,,,,,,
칠리소스,519,,,,,,,,,,
칠리파우더,564,,,,,,,,,,
칡,472,,,,,,,,,,
칡국수,3199,,,,,,,,,,
카놀라유,473,,,,,,,,,,
카다멈,3356,,,,,,,,,,
카라멜소스,872,,,,,,,,,,
카라멜크림,899,,,,,,,,,,
카레,1446,,,,,,,,,,
카레가루,474,,,,,,,,,,
카르다몸,3100,,,,,,,,,,
카스테라,1062,,,,,,,,,,
카스텔라,1384,,,,,,,,,,
카이엔페퍼,1979,,,,,,,,,,
카카오,1596,,,,,,,,,,
카카오닙스,912,,,,,,,,,,
카카오파우더,1484,,,,,,,,,,
칼국수,1289,,,,,,,,,,
칼국수면,1013,,,,,,,,,,
캐러멜,722,,,,,,,,,,
캐러멜시럽,1928,,,,,,,,,,
캐비어,930,,,,,,,,,,
캐슈넛가루,2047,,,,,,,,,,
캡사이신,726,,,,,,,,,,
커리페이스트,1564,,,,,,,,,,
커스터드믹스,2560,,,,,,,,,,
커스터드크림,2336,,,,,,,,,,
커피,573,,,,,,,,,,
커피스틱,1724,,,,,,,,,,
커피액상,1212,,,,,,,,,,
커피우유,2818,,,,,,,,,,
컵케이크,2324,,,,,,,,,,
케이엔페퍼,997,,,,,,,,,,
케이준가루,996,,,,,,,,,,
케이크시트,2790,,,,,,,,,,
케이퍼,727,,,,,,,,,,
케익믹스,3089,,,,,,,,,,
케일,9,219,200,채소류,264,케일,01,케일,g,100,07
케찹,732,,,,,,,,,,
코다리,729,175,600,수산물,615,명태,01,생선,마리,1,05
코앵트로,707,,,,,,,,,,
코울슬로,2715,,,,,,,,,,
코코넛,175,,,,,,,,,,
코코넛가루,1739,,,,,,,,,,
코코넛밀크,730,,,,,,,,,,
코코넛설탕,749,,,,,,,,,,
코코넛오일,733,,,,,,,,,,
코코넛워터,1681,,,,,,,,,,
코코넛칩,1786,,,,,,,,,,
코코넛크림,2415,,,,,,,,,,
코코아가루,734,,,,,,,,,,
콘비스,3152,,,,,,,,,,
콘샐러드,2015,,,,,,,,,,
콘치즈,2455,,,,,,,,,,
콜라,653,,,,,,,,,,
콜라비,44,,,,,,,,,,
콜리플라워,654,,,,,,,,,,
콩,687,6,100,식량작물,141,콩,01,흰 콩(국산),g,500,04
콩가루,1015,6,100,식량작물,141,콩,01,흰 콩(국산),g,500,04
콩고기,655,,,,,,,,,,
콩고물,1180,,,,,,,,,,
콩기름,736,,,,,,,,,,
콩나물,46,220,200,채소류,265,콩나물,01,콩나물,g,300,07
콩단백,1444,,,,,,,,,,
콩물,1068,6,100,식량작물,141,콩,01,흰 콩(국산),g,500,04
콩배기,1374,,,,,,,,,,
콩비지,657,,,,,,,,,,
콩잎,2276,,,,,,,,,,
콩통조림,1370,,,,,,,,,,
콰트로치즈,2462,,,,,,,,,,
쿠스쿠스,2408,,,,,,,,,,
쿠키,2327,,,,,,,,,,
쿨피스,2807,,,,,,,,,,
퀴노아,652,,,,,,,,,,
큐민,656,,,,,,,,,,
크래미,1704,,,,,,,,,,
크래커,994,,,,,,,,,,
크랜베리,147,,,,,,,,,,
크랜베리주스,2912,,,,,,,,,,
크랩,3138,,,,,,,,,,
크런치,2944,,,,,,,,,,
크럼블,3538,,,,,,,,,,
크레미,2968,,,,,,,,,,
크레페,1922,,,,,,,,,,
크로와상,1096,,,,,,,,,,
크림소스,1133,,,,,,,,,,
크림슈트,3272,,,,,,,,,,
크림스프,1696,,,,,,,,,,
크림치즈,207,,,,,,,,,,
크림파스타소스,1955,,,,,,,,,,
키세스초콜릿,2765,,,,,,,,,,
키위,169,139,400,과일류,419,참다래,01,국산,개,10,04
키위드레싱,2193,,,,,,,,,,
키위즙,3220,139,400,과일류,419,참다래,01,국산,개,10,04
키조개,558,,,,,,,,,,
킹크랩,2363,,,,,,,,,,
타르타르소스,955,,,,,,,,,,
타바스코소스,1957,,,,,,,,,,
타임,660,,,,,,,,,,
타코야끼,1607,,,,,,,,,,
타코야끼파우더,3141,,,,,,,,,,
타피오카펄,1740,,,,,,,,,,
타히니,3513,,,,,,,,,,
탄산수,661,,,,,,,,,,
탈지분유,662,,,,,,,,,,
탕,1850,,,,,,,,,,
탕수육,1986,,,,,,,,,,
탕수육소스,2167,,,,,,,,,,
태국고추,664,,,,,,,,,,
탱자,170,,,,,,,,,,
텐카스,3142,,,,,,,,,,
토란,39,,,,,,,,,,
토마토,50,39,200,채소류,225,토마토,00,토마토,kg,1,04
토마토소스,637,,,,,,,,,,
토마토스프,3170,,,,,,,,,,
토마토잼,1502,,,,,,,,,,
토마토주스,2014,,,,,,,,,,
토마토페이스트,663,,,,,,,,,,
토마토퓨레,1097,39,200,채소류,225,토마토,00,토마토,kg,1,04
토마호크,3175,,,,,,,,,,
톳,93,,,,,,,,,,
톳나물,1526,,,,,,,,,,
통깨,547,,,,,,,,,,
통깨가루,2697,,,,,,,,,,
통밀가루,883,,,,,,,,,,
통조림콩,1367,,,,,,,,,,
통현미,1996,,,,,,,,,,
통후추,866,,,,,,,,,,
튀김가루,742,,,,,,,,,,
튀밥,3624,,,,,,,,,,
트러플소금,1749,,,,,,,,,,
트러플소스,1745,,,,,,,,,,
트러플오일,1092,,,,,,,,,,
파,1490,74,200,채소류,246,파,00,대파,kg,1,04
파기름,1197,,,,,,,,,,
파김치,1145,,,,,,,,,,
파래,91,,,,,,,,,,
파래가루,1644,,,,,,,,,,
파르미지아노레지아노치즈,919,,,,,,,,,,
파마산치즈,204,,,,,,,,,,
파마산치즈가루,877,,,,,,,,,,
파바빈,3200,,,,,,,,,,
파뿌리,2779,74,200,채소류,246,파,00,대파,kg,1,04
파스타면,715,,,,,,,,,,
파스타생면,1119,,,,,,,,,,
파스타소스,1968,,,,,,,,,,
파슬리,710,,,,,,,,,,
파슬리가루,2561,,,,,,,,,,
파워에이드,3642,,,,,,,,,,
파이시트,2824,,,,,,,,,,
파이지,3297,,,,,,,,,,
파인애플,171,141,400,과일류,420,파인애플,02,수입,개,1,04
파인애플 통조림,2117,,,,,,,,,,
파인애플소스,2554,,,,,,,,,,
파인애플통조림,498,,,,,,,,,,
파채소스,2736,,,,,,,,,,
파파야,172,,,,,,,,,,
파프리카,5,85,200,채소류,256,파프리카,00,파프리카,g,200,04
파프리카가루,717,85,200,채소류,256,파프리카,00,파프리카,g,200,04
판젤라틴,626,,,,,,,,,,
팔각,431,,,,,,,,,,
팝콘,1556,,,,,,,,,,
팟타이,3053,,,,,,,,,,
팟타이소스,1586,,,,,,,,,,
팥,114,9,100,식량작물,142,팥,00,붉은 팥(국산),g,500,04
팥배기,917,,,,,,,,,,
팥앙금,916,,,,,,,,,,
팥죽,2823,,,,,,,,,,
패션후르츠,1887,,,,,,,,,,
팬케이크가루,1477,,,,,,,,,,
팽이버섯,54,109,300,특용작물,316,팽이버섯,00,팽이버섯,g,150,04
페스츄리,2453,,,,,,,,,,
페스토,2509,,,,,,,,,,
페이스트,1270,,,,,,,,,,
페코리노치즈,1981,,,,,,,,,,
페페로니,3536,,,,,,,,,,
페페론치노,451,,,,,,,,,,
펜네,1310,,,,,,,,,,
펜넬 ,2918,,,,,,,,,,
펜넬시드,3242,,,,,,,,,,
편육,1757,,,,,,,,,,
포도,136,124,400,과일류,414,포도,01,캠벨얼리,kg,1,24
포도당가루,2732,,,,,,,,,,
포도씨유,436,,,,,,,,,,
포도주스,1245,,,,,,,,,,
폰즈소스,651,,,,,,,,,,
표고버섯,52,222,300,특용작물,322,표고버섯,01,표고버섯,g,100,07
표고버섯분말,3249,222,300,특용작물,322,표고버섯,01,표고버섯,g,100,07
표고버섯육수,2804,222,300,특용작물,322,표고버섯,01,표고버섯,g,100,07
푸실리,1011,,,,,,,,,,
푸주,1386,,,,,,,,,,
푸팟퐁커리,3098,,,,,,,,,,
풀치,1504,,,,,,,,,,
풋고추,649,55,200,채소류,242,풋고추,00,풋고추(녹광 등),g,100,04
퓨레,3133,,,,,,,,,,
프로틴,3283,,,,,,,,,,
플라워라이스,3097,,,,,,,,,,
플레인요거트,208,,,,,,,,,,
플레인요구르트,841,,,,,,,,,,
피마자나물,2828,,,,,,,,,,
피망,21,84,200,채소류,255,피망,00,청,g,100,04
피쉬볼,3504,,,,,,,,,,
피스타치오,194,,,,,,,,,,
피시소스,636,,,,,,,,,,
피자,2111,,,,,,,,,,
피자도우,1149,,,,,,,,,,
피자믹스,3126,,,,,,,,,,
피조개,966,,,,,,,,,,
피칸,195,,,,,,,,,,
피클,638,,,,,,,,,,
피클링스파이스,512,,,,,,,,,,
핑크페퍼,1351,,,,,,,,,,
하몽,513,,,,,,,,,,
하이라이스,1365,,,,,,,,,,
한라봉,152,,,,,,,,,,
한방재료,1430,,,,,,,,,,
한우곰탕,3650,,,,,,,,,,
한천,964,,,,,,,,,,
한치,77,,,,,,,,,,
할라피뇨,494,,,,,,,,,,
할라피뇨소스,2690,,,,,,,,,,
함박스테이크,1543,,,,,,,,,,
함초,517,,,,,,,,,,
함초가루,2216,,,,,,,,,,
핫도그,1050,,,,,,,,,,
핫바,1571,,,,,,,,,,
핫소스,518,,,,,,,,,,
핫초코,1779,,,,,,,,,,
핫케이크가루,644,,,,,,,,,,
해물,1038,,,,,,,,,,
해물가루,2835,,,,,,,,,,
해물소스,2834,,,,,,,,,,
해물육수,1759,,,,,,,,,,
해바라기씨,196,,,,,,,,,,
해바라기씨유,520,,,,,,,,,,
해산물,3227,,,,,,,,,,
해삼,635,,,,,,,,,,
해선장,521,,,,,,,,,,
해쉬브라운,2249,,,,,,,,,,
해시브라운,1128,,,,,,,,,,
해초,1680,,,,,,,,,,
해파리,522,,,,,,,,,,
햄,634,,,,,,,,,,
햄버거빵,1086,,,,,,,,,,
햄버거패티,2981,,,,,,,,,,
햄프씨드,1094,,,,,,,,,,
햄프오일,3305,,,,,,,,,,
향신료,1838,,,,,,,,,,
향신즙,2134,,,,,,,,,,
허니머스타드,469,,,,,,,,,,
허니파우더,1778,,,,,,,,,,
허브,2859,,,,,,,,,,
허브가루,2005,,,,,,,,,,
허브믹스,2530,,,,,,,,,,
허브솔트,539,,,,,,,,,,
허브잎,2055,,,,,,,,,,
헛개,2764,,,,,,,,,,
헛개나무,1600,,,,,,,,,,
헤이즐넛,190,,,,,,,,,,
현미,96,,,,,,,,,,
현미가루,1304,,,,,,,,,,
현미밥,1775,,,,,,,,,,
현미튀밥,2758,,,,,,,,,,
호두,193,111,300,특용작물,318,호두,00,수입,g,100,05
호두마루,2886,,,,,,,,,,
호떡,1184,,,,,,,,,,
호떡믹스,647,,,,,,,,,,
호밀가루,105,,,,,,,,,,
호밀빵,1164,,,,,,,,,,
호박,329,111,300,특용작물,318,호두,00,수입,g,100,05
호박가루,1364,111,300,특용작물,318,호두,00,수입,g,100,05
호박나물,1620,,,,,,,,,,
호박발효액,2829,,,,,,,,,,
호박씨,189,111,300,특용작물,318,호두,00,수입,g,100,05
호박잎,1023,,,,,,,,,,
호박전,2825,,,,,,,,,,
호빵,2035,,,,,,,,,,
혼다시,768,,,,,,,,,,
홀그레인머스타드,786,,,,,,,,,,
홀스래디쉬,767,,,,,,,,,,
홀스레디쉬,2797,,,,,,,,,,
홍고추,247,59,200,채소류,243,붉은고추,00,붉은고추,g,100,04
홍삼,533,,,,,,,,,,
홍삼가루,1853,,,,,,,,,,
홍삼액,2027,,,,,,,,,,
홍삼절편,1529,,,,,,,,,,
홍시,177,,,,,,,,,,
홍어,537,,,,,,,,,,
홍차,2158,,,,,,,,,,
홍초,1226,,,,,,,,,,
홍합,87,201,600,수산물,658,홍합,01,깐홍합(냉장),g,100,04
화유,3574,,,,,,,,,,
화이트와인,406,,,,,,,,,,
화조유,2730,,,,,,,,,,
황금향,1747,,,,,,,,,,
황기,953,,,,,,,,,,
황도,785,,,,,,,,,,
황두장,2031,,,,,,,,,,
황설탕,530,,,,,,,,,,
황칠,1851,,,,,,,,,,
황태,531,175,600,수산물,615,명태,01,생선,마리,1,05
황태가루,2262,175,600,수산물,615,명태,01,생선,마리,1,05
황태육수,2115,175,600,수산물,615,명태,01,생선,마리,1,05
황태채,982,175,600,수산물,615,명태,01,생선,마리,1,05
황태포,784,175,600,수산물,615,명태,01,생선,마리,1,05
회,2731,,,,,,,,,,
회향,3101,,,,,,,,,,
후라이드치킨,1531,,,,,,,,,,
후르츠,2785,,,,,,,,,,
후르츠칵테일,629,,,,,,,,,,
후리카케,532,,,,,,,,,,
후추,225,,,,,,,,,,
훈제 닭가슴살,1583,,,,,,,,,,
훈제연어,630,,,,,,,,,,
훈제오리,126,,,,,,,,,,
훠궈소스,2207,,,,,,,,,,
훠궈육수,1837,,,,,,,,,,
휘핑크림,217,,,,,,,,,,
흑마늘,2923,60,200,채소류,244,피마늘,01,한지1접,[],[],04
흑맥주,2471,,,,,,,,,,
흑미,2213,,,,,,,,,,
흑미누룽지,1798,,,,,,,,,,
흑미밥,557,,,,,,,,,,
흑미쌀가루,3296,,,,,,,,,,
흑설탕,482,,,,,,,,,,
흑임자,1619,,,,,,,,,,
흑임자드레싱,2271,,,,,,,,,,
흑초,485,,,,,,,,,,
흰목이버섯,2003,,,,,,,,,,
